{
  "1": {
    "name": "abcd",
    "password": "password1",
    "profession": "king",
    "id": 5
  },
  "2": {
    "name": "rob kendal",
    "password": "password3",
    "profession": "code fiddler",
    "id": 2
  },
  "1619876674995": {},
  "1619877182471": {
    "5": {
      "name": "Sachin",
      "password": "password1",
      "profession": "king",
      "id": 1
    }
  },
  "1619963413542": {},
  "1619963433079": {},
  "1619964663961": {
    "name": "abcd",
    "password": "password1",
    "profession": "king",
    "id": 5
  },
  "1620046359583": {
    "name": "rahul",
    "password": "password1",
    "profession": "king",
    "id": 3
  },
  "1620103490700": {
    "name": "rahul",
    "password": "password1",
    "profession": "king",
    "id": 4
  }
}